<?xml version="1.0" encoding="UTF-8"?>

<!DOCTYPE hibernate-configuration PUBLIC "-//Hibernate/Hibernate Configuration DTD 3.0//EN" "http://www.hibernate.org/dtd/hibernate-configuration-3.0.dtd">

<hibernate-configuration>
	<session-factory>
	
	<!-- connection to the database -->
	<property name="hibernate.dialect">org.hibernate.dialect.MySQLDialect</property>
	<property name="hibernate.connection.driver_class"><DriverEntsprechendDesDatenbanktyps></property>
	<property name="hibernate.connection.url">jdbc:mysql://localhost:3306/<puthereyourSchemaNameIn>?useSSL=false&amp;useJDBCCompliantTimezoneShift=true&amp;useLegacyDatetimeCode=false&amp;serverTimezone=UTC</property>
	<property name="hibernate.connection.username"><Benutzername></property>
	<property name="hibernate.connection.password"><Passwort></property>
	
	<!-- autocommit false -->
	<property name="hibernate.connection.autocommit">false</property>
	
	<!-- to display sql query generated when running the program -->
	<property name="show_sql">true</property>
	<property name="format_sql">true</property>
	<property name="use_sql_comments">true</property>
	
	<!-- for jdbc transaction -->
	<property name="hibernate.transaction.factory_class">org.hibernate.transaction.JDBCTransactionFactory</property>
	
	<!-- mapping file -->
	<mapping resource="Auto.hbm.xml"/>
	
	</session-factory>
</hibernate-configuration>